{
    "\$schema": "./node_modules/@angular/cli/lib/config/schema.json",
    "project": {
      "name": "angular2-aem"
    },
    "apps": [
      {
        "root": "src/main/content/jcr_root/apps/${projectName}/components/content",
        "outDir": "build",
        "assets": [
          "assets",
          "favicon.ico"
        ],
        "index": "index.html",
        "main": "main.ts",
        "polyfills": "polyfills.ts",
        "test": "test.ts",
        "tsconfig": "tsconfig.app.json",
        "testTsconfig": "tsconfig.spec.json",
        "prefix": "app",
        "styles": [

        ],
        "scripts": [
          "../../../../../../../../node_modules/jquery/dist/jquery.min.js",
          "../../../../../../../../node_modules/bootstrap/dist/js/bootstrap.min.js",
          "../../../../../../../../node_modules/tether/dist/js/tether.js"
        ],
        "environmentSource": "environments/environment.ts",
        "environments": {
          "dev": "environments/environment.ts",
          "prod": "environments/environment.prod.ts"
        }
      }
    ],
    "e2e": {
      "protractor": {
        "config": "./protractor.conf.js"
      }
    },
    "lint": [
      {
        "project": "src/tsconfig.app.json",
        "exclude": "**/node_modules/**"
      },
      {
        "project": "src/tsconfig.spec.json",
        "exclude": "**/node_modules/**"
      },
      {
        "project": "e2e/tsconfig.e2e.json",
        "exclude": "**/node_modules/**"
      }
    ],
    "test": {
      "karma": {
        "config": "./karma.conf.js"
      }
    },
    "defaults": {
      "styleExt": "css",
      "component": {}
    }
  }
  